molecule,homo_eV,lumo_eV,gap_eV,gap_exp_eV,gap_error_pct
H2,-10.335,0.227,10.563,11.0,3.97
CO,-8.5,3.5,12.0,14.0,14.3
H2O,-7.2,4.5,11.7,12.6,7.1
NH3,-6.208,-0.753,5.454,10.8,49.5
CH4,-9.42247628938973,-0.3956847361752451,9.026791553214485,14.5,37.74626515024493
