{
  "E_h_atom_eV": 0.010280540949869533,
  "E_h2_eV": -6.7502661523755885,
  "E_bind_calc_eV": 6.770827234275328,
  "E_bind_exp_eV": 4.52,
  "error_percent": 49.79706270520638
}