{
  "R_values_A": [
    0.5,
    0.6,
    0.7,
    0.8,
    0.9,
    1.0,
    1.1,
    1.2000000000000002,
    1.3,
    1.4,
    1.5
  ],
  "E_values_eV": [
    -4.729060579855586,
    -6.189883537368749,
    -6.700335942967349,
    -6.714541682542116,
    -6.465348748011031,
    -6.083271656827763,
    -5.63826468842108,
    -5.172729821382372,
    -4.7092721268818885,
    -4.263317624255925,
    -3.8435823271603957
  ],
  "R_eq_calc_A": 0.8,
  "R_eq_fit_A": 0.7553932464250213,
  "R_eq_exp_A": 0.741,
  "error_percent": 1.942408424429321,
  "E_min_eV": -6.714541682542116
}