{
  "force_constant_eV_A2": 26.33986741058494,
  "force_constant_N_m": 422.0111921234178,
  "reduced_mass_amu": 0.5039023450202946,
  "frequency_cm1": 3770.097893259084,
  "frequency_exp_cm1": 4401.2,
  "error_pct": 14.339318975300284,
  "R_eq_A": 0.755393246425021,
  "E_min_eV": -6.740746722288845
}