{
  "CH4": {
    "e_scf": -24.007134192441804,
    "e_opt": -24.008652197021988,
    "fmax": 0.000950641581395285,
    "time_scf": 61.83780288696289,
    "time_opt": 69.30710864067078,
    "n_steps": 3,
    "geometry": {
      "ch_bonds": [
        1.0959915319395415,
        1.0959915319395395,
        1.0959915319395395,
        1.0959915319395395
      ],
      "ch_avg": 1.09599153193954,
      "ch_exp": 1.087,
      "bond_error_pct": 0.8271878509236379
    },
    "electronic": {
      "homo_eV": -9.42247628938973,
      "lumo_eV": -0.3956847361752451,
      "gap_eV": 9.026791553214485,
      "exp_gap": 14.5,
      "gap_error_pct": 37.74626515024493
    },
    "dipole": {
      "dipole_D": 3.15636802810865e-14,
      "dipole_vec_eA": [
        -1.5454864218887486e-15,
        -1.7543909172418061e-15,
        -6.141385337810659e-15
      ],
      "exp_dipole_D": 0.0
    }
  },
  "NH3": {
    "e_scf": -19.4802,
    "e_opt": -19.6108,
    "fmax": 0.0184,
    "time_scf": 62.0,
    "time_opt": 107.1,
    "n_steps": 4,
    "geometry": {
      "nh_bonds": [
        1.0216,
        1.0219,
        1.0219
      ],
      "nh_avg": 1.0218,
      "hnh_angles": [
        106.36,
        106.36,
        106.06
      ],
      "hnh_avg": 106.26,
      "nh_exp": 1.012,
      "angle_exp": 106.7,
      "bond_error_pct": 0.97,
      "angle_error_pct": 0.41
    },
    "electronic": {
      "homo_eV": -6.208,
      "lumo_eV": -0.753,
      "gap_eV": 5.454,
      "exp_gap": 10.8,
      "gap_error_pct": 49.5
    },
    "dipole": {
      "dipole_D": 1.496,
      "dipole_vec_eA": [
        0,
        0,
        0.31145873264
      ],
      "exp_dipole_D": 1.47,
      "error_pct": 1.8
    }
  }
}