molecule,bond_type,bond_calc_A,bond_exp_A,bond_error_pct
H2,H-H,0.751,0.741,1.35
CO,C-O,1.137,1.128,0.8
H2O,O-H,0.971,0.957,1.46
NH3,N-H,1.0218,1.012,0.97
CH4,C-H,1.09599153193954,1.087,0.8271878509236379
